-- degree_before
INSERT INTO degree_before (name, text)
VALUES ('BC', 'BC'),
       ('BCA', 'BCA');

-- gis
INSERT INTO gis (id, latitude, longitude)
VALUES
-- 1-th office
('11111111-1111-1111-1111-111111111111', 53.3498, -6.2603),
-- 3-th office
('33333333-3333-3333-3333-333333333333', 52.6638, -8.6267),
-- 4-th office
('44444444-4444-4444-4444-444444444444', 53.2707, -9.0568),
-- properties
('50000001-0000-0000-0000-000000000001', 53.3429, -6.2674),
('50000002-0000-0000-0000-000000000002', 53.3472, -6.2892),
('50000003-0000-0000-0000-000000000003', 52.6680, -8.6305),
('50000004-0000-0000-0000-000000000004', 52.6681, -8.6407),
('50000005-0000-0000-0000-000000000005', 53.2720, -9.0518);

-- address
INSERT INTO address (id, country, city, street, number, gis_id)
VALUES
-- 1-th office
('11111111-aaa1-1111-1111-111111111111', 'Ireland', 'Dublin', 'O''Connell Street', 12,
 '11111111-1111-1111-1111-111111111111'),
-- 3-th office
('33333333-aaa3-3333-3333-333333333333', 'Ireland', 'Limerick', 'Patrick Street', 30,
 '33333333-3333-3333-3333-333333333333'),
-- 4-th office
('44444444-aaa4-4444-4444-444444444444', 'Ireland', 'Galway', 'Shop Street', 8, '44444444-4444-4444-4444-444444444444'),
--
('50000001-aaa1-0000-0000-000000000001', 'Ireland', 'Dublin', 'Grafton Street', 21,
 '50000001-0000-0000-0000-000000000001'),
('50000002-aaa2-0000-0000-000000000002', 'Ireland', 'Dublin', 'Temple Bar', 10, '50000002-0000-0000-0000-000000000002'),
('50000003-aaa3-0000-0000-000000000003', 'Ireland', 'Limerick', 'Henry Street', 67,
 '50000003-0000-0000-0000-000000000003'),
('50000004-aaa4-0000-0000-000000000004', 'Ireland', 'Limerick', 'Thomas Street', 15,
 '50000004-0000-0000-0000-000000000004'),
('50000005-aaa5-0000-0000-000000000005', 'Ireland', 'Galway', 'Quay Street', 56,
 '50000005-0000-0000-0000-000000000005');

-- office
INSERT INTO office (id, name, address_id, "isHidden", date_opening, tags)
VALUES
-- 1-th office with all fields
('11111111-1ffc-1111-1111-111111111111', 'Dublin Main Office', '11111111-aaa1-1111-1111-111111111111', false,
 '2020-01-15', ARRAY ['premium', 'central', 'flagship']),
-- 2-th office online without address/gis
('22222222-1ffc-2222-2222-222222222222', 'Online Office', NULL, false, '2021-05-01', ARRAY ['online', 'digital']),
-- 3-th office without tags
('33333333-1ffc-3333-3333-333333333333', 'Limerick Office', '33333333-aaa3-3333-3333-333333333333', false, '2019-11-30',
 NULL),
-- 4-th office special
('44444444-1ffc-4444-4444-444444444444', 'Galway Premium Office', '44444444-aaa4-4444-4444-444444444444', false,
 '2022-03-10', ARRAY ['premium', 'elite', 'exclusive']);

-- emails for offices
INSERT INTO email (id, email, type, office_id)
VALUES
-- 1-th office
('11111111-ef01-1111-1111-111111111111', 'main@dublin.com', 'PRIMARY', '11111111-1ffc-1111-1111-111111111111'),
('11111111-ebb2-1111-1111-111111111111', 'info@dublin.com', 'PRIMARY', '11111111-1ffc-1111-1111-111111111111'),
-- 2-th office
('22222222-ef01-2222-2222-222222222222', 'online@ireland.com', 'PRIMARY', '22222222-1ffc-2222-2222-222222222222'),
-- 3-th office
('33333333-ef01-3333-3333-333333333333', 'limerick@office3.com', 'PRIMARY', '33333333-1ffc-3333-3333-333333333333'),
-- 4-th office
('44444444-ef01-4444-4444-444444444444', 'premium@galway.com', 'PRIMARY', '44444444-1ffc-4444-4444-444444444444'),
('44444444-ebb2-4444-4444-444444444444', 'vip@galway.com', 'PRIMARY', '44444444-1ffc-4444-4444-444444444444');

-- phones for offices
INSERT INTO phone_number (id, number, type, office_id)
VALUES
-- 1-th office
('11111111-a1b1-1111-1111-111111111111', '+353 1 111 2233', 'PRIMARY', '11111111-1ffc-1111-1111-111111111111'),
('11111111-a2b2-1111-1111-111111111111', '+353 1 222 3344', 'MOBILE', '11111111-1ffc-1111-1111-111111111111'),
('11111111-a3b3-1111-1111-111111111111', '+353 1 333 4455', 'PRIMARY', '11111111-1ffc-1111-1111-111111111111'),
-- 2-th office
('22222222-a1b1-2222-2222-222222222222', '+353 800 555 555', 'PRIMARY', '22222222-1ffc-2222-2222-222222222222'),
('22222222-a2b2-2222-2222-222222222222', '+353 800 777 888', 'MOBILE', '22222222-1ffc-2222-2222-222222222222'),
-- 3-th office
('33333333-a1b1-3333-3333-333333333333', '+353 61 123 4567', 'PRIMARY', '33333333-1ffc-3333-3333-333333333333'),
('33333333-a2b2-3333-3333-333333333333', '+353 61 765 4321', 'MOBILE', '33333333-1ffc-3333-3333-333333333333'),
-- 4-th office
('44444444-a1b1-4444-4444-444444444444', '+353 91 111 0000', 'PRIMARY', '44444444-1ffc-4444-4444-444444444444'),
('44444444-a2b2-4444-4444-444444444444', '+353 91 222 0000', 'MOBILE', '44444444-1ffc-4444-4444-444444444444'),
('44444444-a3b3-4444-4444-444444444444', '+353 91 333 0000', 'PRIMARY', '44444444-1ffc-4444-4444-444444444444');

-- brokers
-- 1-th office - 4 brokers, with all fields, isMls = false
INSERT INTO broker (id, first_name, last_name, office_id, is_mls)
VALUES ('10000001-beef-0000-0000-000000000001', 'Sean', 'Murphy', '11111111-1ffc-1111-1111-111111111111', false),
       ('10000002-beef-0000-0000-000000000002', 'Padraig', 'Kelly', '11111111-1ffc-1111-1111-111111111111', false),
       ('10000003-beef-0000-0000-000000000003', 'Aoife', 'Walsh', '11111111-1ffc-1111-1111-111111111111', false),
       ('10000004-beef-0000-0000-000000000004', 'Siobhan', 'O''Brien', '11111111-1ffc-1111-1111-111111111111', false);

-- 2-th office - 3 brokers without degree, isMls = false
INSERT INTO broker (id, first_name, last_name, office_id, is_mls)
VALUES ('20000001-beef-0000-0000-000000000001', 'Liam', 'Byrne', '22222222-1ffc-2222-2222-222222222222', false),
       ('20000002-beef-0000-0000-000000000002', 'Niamh', 'Doyle', '22222222-1ffc-2222-2222-222222222222', false),
       ('20000003-beef-0000-0000-000000000003', 'Cian', 'Ryan', '22222222-1ffc-2222-2222-222222222222', false);

-- 3-th office - 3 brokers, with all fields, isMls = false
INSERT INTO broker (id, first_name, last_name, office_id, is_mls)
VALUES ('30000001-beef-0000-0000-000000000001', 'Eoin', 'McCarthy', '33333333-1ffc-3333-3333-333333333333', false),
       ('30000002-beef-0000-0000-000000000002', 'Aisling', 'Fitzgerald', '33333333-1ffc-3333-3333-333333333333', false),
       ('30000003-beef-0000-0000-000000000003', 'Conor', 'O''Sullivan', '33333333-1ffc-3333-3333-333333333333', false);

-- 4-th office - 3 brokers, isMls = true
INSERT INTO broker (id, first_name, last_name, office_id, is_mls)
VALUES ('40000001-beef-0000-0000-000000000001', 'Darragh', 'O''Neill', '44444444-1ffc-4444-4444-444444444444', true),
       ('40000002-beef-0000-0000-000000000002', 'Orla', 'Brennan', '44444444-1ffc-4444-4444-444444444444', true),
       ('40000003-beef-0000-0000-000000000003', 'Ciaran', 'Healy', '44444444-1ffc-4444-4444-444444444444', true);

-- brokers degrees
-- brokers of 1-th office
INSERT INTO broker_degree (broker_id, degree_name)
VALUES ('10000001-beef-0000-0000-000000000001', 'BC'),
       ('10000001-beef-0000-0000-000000000001', 'BCA'),
       ('10000002-beef-0000-0000-000000000002', 'BC'),
       ('10000003-beef-0000-0000-000000000003', 'BCA'),
       ('10000004-beef-0000-0000-000000000004', 'BC');

-- brokers of 3-th office
INSERT INTO broker_degree (broker_id, degree_name)
VALUES ('30000001-beef-0000-0000-000000000001', 'BC'),
       ('30000002-beef-0000-0000-000000000002', 'BCA'),
       ('30000003-beef-0000-0000-000000000003', 'BC');

-- brokers of 4-th office
INSERT INTO broker_degree (broker_id, degree_name)
VALUES ('40000001-beef-0000-0000-000000000001', 'BC'),
       ('40000001-beef-0000-0000-000000000001', 'BCA'),
       ('40000002-beef-0000-0000-000000000002', 'BC'),
       ('40000003-beef-0000-0000-000000000003', 'BCA');

-- emails for brokers
-- brokers of 1-th office
INSERT INTO email (id, email, type, broker_id)
VALUES ('10000001-ef01-0000-0000-000000000001', 'sean.murphy@example.com', 'PRIMARY',
        '10000001-beef-0000-0000-000000000001'),
       ('10000001-ebb2-0000-0000-000000000002', 'sean.personal@example.com', 'HOME',
        '10000001-beef-0000-0000-000000000001'),
       ('10000002-ef01-0000-0000-000000000001', 'padraig.kelly@example.com', 'PRIMARY',
        '10000002-beef-0000-0000-000000000002'),
       ('10000003-ef01-0000-0000-000000000001', 'aoife.walsh@example.com', 'PRIMARY',
        '10000003-beef-0000-0000-000000000003'),
       ('10000003-ebb2-0000-0000-000000000002', 'aoife.home@example.com', 'HOME',
        '10000003-beef-0000-0000-000000000003'),
       ('10000004-ef01-0000-0000-000000000001', 'siobhan.obrien@example.com', 'PRIMARY',
        '10000004-beef-0000-0000-000000000004');

-- brokers of 2-th office
INSERT INTO email (id, email, type, broker_id)
VALUES ('20000001-ef01-0000-0000-000000000001', 'liam.byrne@example.com', 'PRIMARY',
        '20000001-beef-0000-0000-000000000001'),
       ('20000002-ef01-0000-0000-000000000001', 'niamh.doyle@example.com', 'PRIMARY',
        '20000002-beef-0000-0000-000000000002'),
       ('20000002-ebb2-0000-0000-000000000002', 'niamh.personal@example.com', 'HOME',
        '20000002-beef-0000-0000-000000000002'),
       ('20000003-ef01-0000-0000-000000000001', 'cian.ryan@example.com', 'PRIMARY',
        '20000003-beef-0000-0000-000000000003');

-- brokers of 3-th office (the same as their office)
INSERT INTO email (id, email, type, broker_id)
VALUES ('30000001-ef01-0000-0000-000000000001', 'limerick@office3.com', 'PRIMARY',
        '30000001-beef-0000-0000-000000000001'),
       ('30000002-ef01-0000-0000-000000000001', 'limerick@office3.com', 'PRIMARY',
        '30000002-beef-0000-0000-000000000002'),
       ('30000003-ef01-0000-0000-000000000001', 'limerick@office3.com', 'PRIMARY',
        '30000003-beef-0000-0000-000000000003');

-- brokers of 4-th office
INSERT INTO email (id, email, type, broker_id)
VALUES ('40000001-ef01-0000-0000-000000000001', 'darragh.oneill@example.com', 'PRIMARY',
        '40000001-beef-0000-0000-000000000001'),
       ('40000001-ebb2-0000-0000-000000000002', 'darragh.personal@example.com', 'HOME',
        '40000001-beef-0000-0000-000000000001'),
       ('40000002-ef01-0000-0000-000000000001', 'orla.brennan@example.com', 'PRIMARY',
        '40000002-beef-0000-0000-000000000002'),
       ('40000003-ef01-0000-0000-000000000001', 'ciaran.healy@example.com', 'PRIMARY',
        '40000003-beef-0000-0000-000000000003'),
       ('40000003-ebb2-0000-0000-000000000002', 'ciaran.home@example.com', 'HOME',
        '40000003-beef-0000-0000-000000000003');

-- phones for brokers
-- brokers of 1-th office
INSERT INTO phone_number (id, number, type, broker_id)
VALUES ('10000001-a1b1-0000-0000-000000000001', '+353 85 111 2233', 'PRIMARY', '10000001-beef-0000-0000-000000000001'),
       ('10000001-a2b2-0000-0000-000000000002', '+353 85 222 3344', 'MOBILE', '10000001-beef-0000-0000-000000000001'),
       ('10000001-a3b3-0000-0000-000000000003', '+353 85 333 4455', 'HOME', '10000001-beef-0000-0000-000000000001'),
       ('10000002-a1b1-0000-0000-000000000001', '+353 85 444 5566', 'PRIMARY', '10000002-beef-0000-0000-000000000002'),
       ('10000002-a2b2-0000-0000-000000000002', '+353 85 555 6677', 'MOBILE', '10000002-beef-0000-0000-000000000002'),
       ('10000003-a1b1-0000-0000-000000000001', '+353 85 666 7788', 'PRIMARY', '10000003-beef-0000-0000-000000000003'),
       ('10000004-a1b1-0000-0000-000000000001', '+353 85 777 8899', 'PRIMARY', '10000004-beef-0000-0000-000000000004'),
       ('10000004-a2b2-0000-0000-000000000002', '+353 85 888 9900', 'HOME', '10000004-beef-0000-0000-000000000004');

-- brokers of 2-th office
INSERT INTO phone_number (id, number, type, broker_id)
VALUES ('20000001-a1b1-0000-0000-000000000001', '+353 1 123 4567', 'PRIMARY', '20000001-beef-0000-0000-000000000001'),
       ('20000001-a2b2-0000-0000-000000000002', '+353 1 234 5678', 'MOBILE', '20000001-beef-0000-0000-000000000001'),
       ('20000002-a1b1-0000-0000-000000000001', '+353 1 345 6789', 'PRIMARY', '20000002-beef-0000-0000-000000000002'),
       ('20000003-a1b1-0000-0000-000000000001', '+353 1 456 7890', 'PRIMARY', '20000003-beef-0000-0000-000000000003'),
       ('20000003-a2b2-0000-0000-000000000002', '+353 1 567 8901', 'MOBILE', '20000003-beef-0000-0000-000000000003');

-- brokers of 3-th office (the same as their office)
INSERT INTO phone_number (id, number, type, broker_id)
VALUES ('30000001-a1b1-0000-0000-000000000001', '+353 61 123 4567', 'PRIMARY', '30000001-beef-0000-0000-000000000001'),
       ('30000001-a2b2-0000-0000-000000000002', '+353 61 765 4321', 'MOBILE', '30000001-beef-0000-0000-000000000001'),
       ('30000002-a1b1-0000-0000-000000000001', '+353 61 123 4567', 'PRIMARY', '30000002-beef-0000-0000-000000000002'),
       ('30000002-a2b2-0000-0000-000000000002', '+353 61 765 4321', 'MOBILE', '30000002-beef-0000-0000-000000000002'),
       ('30000003-a1b1-0000-0000-000000000001', '+353 61 123 4567', 'PRIMARY', '30000003-beef-0000-0000-000000000003'),
       ('30000003-a2b2-0000-0000-000000000002', '+353 61 765 4321', 'MOBILE', '30000003-beef-0000-0000-000000000003');

-- brokers of 4-th office
INSERT INTO phone_number (id, number, type, broker_id)
VALUES ('40000001-a1b1-0000-0000-000000000001', '+353 91 111 1111', 'PRIMARY', '40000001-beef-0000-0000-000000000001'),
       ('40000001-a2b2-0000-0000-000000000002', '+353 91 222 2222', 'MOBILE', '40000001-beef-0000-0000-000000000001'),
       ('40000002-a1b1-0000-0000-000000000001', '+353 91 333 3333', 'PRIMARY', '40000002-beef-0000-0000-000000000002'),
       ('40000002-a2b2-0000-0000-000000000002', '+353 91 444 4444', 'MOBILE', '40000002-beef-0000-0000-000000000002'),
       ('40000002-a3b3-0000-0000-000000000003', '+353 91 555 5555', 'HOME', '40000002-beef-0000-0000-000000000002'),
       ('40000003-a1b1-0000-0000-000000000001', '+353 91 666 6666', 'PRIMARY', '40000003-beef-0000-0000-000000000003');

-- properties
-- for brokers of 1-th office
INSERT INTO property (id, price, is_public_price, address_id, broker_id, office_id)
VALUES
-- 1-th broker
('10000001-ab01-0000-0000-000000000001', 15000000, true, '50000001-aaa1-0000-0000-000000000001',
 '10000001-beef-0000-0000-000000000001', '11111111-1ffc-1111-1111-111111111111'),
('10000001-ab02-0000-0000-000000000002', 18000000, true, '50000002-aaa2-0000-0000-000000000002',
 '10000001-beef-0000-0000-000000000001', '11111111-1ffc-1111-1111-111111111111'),
('10000001-ab03-0000-0000-000000000003', 12000000, false, '50000003-aaa3-0000-0000-000000000003',
 '10000001-beef-0000-0000-000000000001', '11111111-1ffc-1111-1111-111111111111'),
-- 2-th broker
('10000002-ab01-0000-0000-000000000001', 20000000, true, '50000004-aaa4-0000-0000-000000000004',
 '10000002-beef-0000-0000-000000000002', '11111111-1ffc-1111-1111-111111111111'),
('10000002-ab02-0000-0000-000000000002', 25000000, false, '50000005-aaa5-0000-0000-000000000005',
 '10000002-beef-0000-0000-000000000002', '11111111-1ffc-1111-1111-111111111111'),
-- 3-th broker
('10000003-ab01-0000-0000-000000000001', 30000000, true, '50000001-aaa1-0000-0000-000000000001',
 '10000003-beef-0000-0000-000000000003', '11111111-1ffc-1111-1111-111111111111'),
('10000003-ab02-0000-0000-000000000002', 22000000, true, '50000002-aaa2-0000-0000-000000000002',
 '10000003-beef-0000-0000-000000000003', '11111111-1ffc-1111-1111-111111111111'),
('10000003-ab03-0000-0000-000000000003', 28000000, false, '50000003-aaa3-0000-0000-000000000003',
 '10000003-beef-0000-0000-000000000003', '11111111-1ffc-1111-1111-111111111111'),
-- 4-th broker
('10000004-ab01-0000-0000-000000000001', 17000000, true, '50000004-aaa4-0000-0000-000000000004',
 '10000004-beef-0000-0000-000000000004', '11111111-1ffc-1111-1111-111111111111'),
('10000004-ab02-0000-0000-000000000002', 19000000, false, '50000005-aaa5-0000-0000-000000000005',
 '10000004-beef-0000-0000-000000000004', '11111111-1ffc-1111-1111-111111111111');

-- for brokers of 2-th office
INSERT INTO property (id, price, is_public_price, address_id, broker_id, office_id)
VALUES
-- 1-th broker
('20000001-ab01-0000-0000-000000000001', 10000000, true, '50000001-aaa1-0000-0000-000000000001',
 '20000001-beef-0000-0000-000000000001', '22222222-1ffc-2222-2222-222222222222'),
('20000001-ab02-0000-0000-000000000002', 11000000, true, '50000002-aaa2-0000-0000-000000000002',
 '20000001-beef-0000-0000-000000000001', '22222222-1ffc-2222-2222-222222222222'),
('20000001-ab03-0000-0000-000000000003', 12000000, false, '50000003-aaa3-0000-0000-000000000003',
 '20000001-beef-0000-0000-000000000001', '22222222-1ffc-2222-2222-222222222222'),
-- 2-th broker
('20000002-ab01-0000-0000-000000000001', 13000000, true, '50000004-aaa4-0000-0000-000000000004',
 '20000002-beef-0000-0000-000000000002', '22222222-1ffc-2222-2222-222222222222'),
('20000002-ab02-0000-0000-000000000002', 14000000, false, '50000005-aaa5-0000-0000-000000000005',
 '20000002-beef-0000-0000-000000000002', '22222222-1ffc-2222-2222-222222222222'),
-- 3-th broker
('20000003-ab01-0000-0000-000000000001', 15000000, true, '50000001-aaa1-0000-0000-000000000001',
 '20000003-beef-0000-0000-000000000003', '22222222-1ffc-2222-2222-222222222222'),
('20000003-ab02-0000-0000-000000000002', 16000000, true, '50000002-aaa2-0000-0000-000000000002',
 '20000003-beef-0000-0000-000000000003', '22222222-1ffc-2222-2222-222222222222');

-- for brokers of 3-th office
INSERT INTO property (id, price, is_public_price, address_id, broker_id, office_id)
VALUES
-- 1-th broker
('30000001-ab01-0000-0000-000000000001', 9000000, true, '50000003-aaa3-0000-0000-000000000003',
 '30000001-beef-0000-0000-000000000001', '33333333-1ffc-3333-3333-333333333333'),
('30000001-ab02-0000-0000-000000000002', 9500000, true, '50000004-aaa4-0000-0000-000000000004',
 '30000001-beef-0000-0000-000000000001', '33333333-1ffc-3333-3333-333333333333'),
('30000001-ab03-0000-0000-000000000003', 10000000, false, '50000005-aaa5-0000-0000-000000000005',
 '30000001-beef-0000-0000-000000000001', '33333333-1ffc-3333-3333-333333333333'),
-- 2-th broker
('30000002-ab01-0000-0000-000000000001', 11000000, true, '50000001-aaa1-0000-0000-000000000001',
 '30000002-beef-0000-0000-000000000002', '33333333-1ffc-3333-3333-333333333333'),
('30000002-ab02-0000-0000-000000000002', 12000000, false, '50000002-aaa2-0000-0000-000000000002',
 '30000002-beef-0000-0000-000000000002', '33333333-1ffc-3333-3333-333333333333'),
-- 3-th broker
('30000003-ab01-0000-0000-000000000001', 13000000, true, '50000003-aaa3-0000-0000-000000000003',
 '30000003-beef-0000-0000-000000000003', '33333333-1ffc-3333-3333-333333333333'),
('30000003-ab02-0000-0000-000000000002', 14000000, false, '50000004-aaa4-0000-0000-000000000004',
 '30000003-beef-0000-0000-000000000003', '33333333-1ffc-3333-3333-333333333333');

-- for brokers of 4-th office (isMls = true)
INSERT INTO property (id, price, is_public_price, address_id, broker_id, office_id)
VALUES
-- 1-th broker
('40000001-ab01-0000-0000-000000000001', 40000000, true, '50000005-aaa5-0000-0000-000000000005',
 '40000001-beef-0000-0000-000000000001', '44444444-1ffc-4444-4444-444444444444'),
('40000001-ab02-0000-0000-000000000002', 45000000, true, '50000001-aaa1-0000-0000-000000000001',
 '40000001-beef-0000-0000-000000000001', '44444444-1ffc-4444-4444-444444444444'),
('40000001-ab03-0000-0000-000000000003', 50000000, false, '50000002-aaa2-0000-0000-000000000002',
 '40000001-beef-0000-0000-000000000001', '44444444-1ffc-4444-4444-444444444444'),
-- 2-th broker
('40000002-ab01-0000-0000-000000000001', 55000000, true, '50000003-aaa3-0000-0000-000000000003',
 '40000002-beef-0000-0000-000000000002', '44444444-1ffc-4444-4444-444444444444'),
('40000002-ab02-0000-0000-000000000002', 60000000, false, '50000004-aaa4-0000-0000-000000000004',
 '40000002-beef-0000-0000-000000000002', '44444444-1ffc-4444-4444-444444444444'),
-- 3-th broker
('40000003-ab01-0000-0000-000000000001', 65000000, true, '50000005-aaa5-0000-0000-000000000005',
 '40000003-beef-0000-0000-000000000003', '44444444-1ffc-4444-4444-444444444444'),
('40000003-ab02-0000-0000-000000000002', 70000000, false, '50000001-aaa1-0000-0000-000000000001',
 '40000003-beef-0000-0000-000000000003', '44444444-1ffc-4444-4444-444444444444'),
('40000003-ab03-0000-0000-000000000003', 75000000, true, '50000002-aaa2-0000-0000-000000000002',
 '40000003-beef-0000-0000-000000000003', '44444444-1ffc-4444-4444-444444444444');

-- media for properties
-- 1-th office, one image of many in property is necessary is_main
-- 1-th broker
-- 1-th property
INSERT INTO image (id, property_id, image_url, is_main)
VALUES ('10000001-1fa1-0000-0000-000000000001', '10000001-ab01-0000-0000-000000000001',
        'https://example.com/images/property1-1.jpg', true),
       ('10000001-2fa2-0000-0000-000000000002', '10000001-ab01-0000-0000-000000000001',
        'https://example.com/images/property1-1b.jpg', false),
       ('10000001-3fa3-0000-0000-000000000003', '10000001-ab01-0000-0000-000000000001',
        'https://example.com/images/property1-1c.jpg', false),
       ('10000001-4fa4-0000-0000-000000000004', '10000001-ab01-0000-0000-000000000001',
        'https://example.com/images/property1-1d.jpg', false),
-- 2-th property
       ('10000001-5fa5-0000-0000-000000000005', '10000001-ab02-0000-0000-000000000002',
        'https://example.com/images/property1-2a.jpg', false),
       ('10000001-6fa6-0000-0000-000000000006', '10000001-ab02-0000-0000-000000000002',
        'https://example.com/images/property1-2b.jpg', true),
       ('10000001-7fa7-0000-0000-000000000007', '10000001-ab02-0000-0000-000000000002',
        'https://example.com/images/property1-2c.jpg', false),
-- 3-th property
       ('10000001-8fa8-0000-0000-000000000008', '10000001-ab03-0000-0000-000000000003',
        'https://example.com/images/property1-3a.jpg', true),
       ('10000001-9fa9-0000-0000-000000000009', '10000001-ab03-0000-0000-000000000003',
        'https://example.com/images/property1-3b.jpg', false);

-- 2-th broker
INSERT INTO image (id, property_id, image_url, is_main)
VALUES
-- 1-th property
('10000002-1fa1-0000-0000-000000000001', '10000002-ab01-0000-0000-000000000001',
 'https://example.com/images/property2-1.jpg', true),
-- 2-th property
('10000002-2fa2-0000-0000-000000000002', '10000002-ab02-0000-0000-000000000002',
 'https://example.com/images/property2-2a.jpg', false),
('10000002-3fa3-0000-0000-000000000003', '10000002-ab02-0000-0000-000000000002',
 'https://example.com/images/property2-2b.jpg', true),
('10000002-4fa4-0000-0000-000000000004', '10000002-ab02-0000-0000-000000000002',
 'https://example.com/images/property2-2c.jpg', false),
('10000002-5fa5-0000-0000-000000000005', '10000002-ab02-0000-0000-000000000002',
 'https://example.com/images/property2-2d.jpg', false);

-- 3-th broker
INSERT INTO image (id, property_id, image_url, is_main)
VALUES
-- 1-th property
('10000003-1fa1-0000-0000-000000000001', '10000003-ab01-0000-0000-000000000001',
 'https://example.com/images/property3-1a.jpg', true),
('10000003-2fa2-0000-0000-000000000002', '10000003-ab01-0000-0000-000000000001',
 'https://example.com/images/property3-1b.jpg', false),
-- 2-th property
('10000003-3fa3-0000-0000-000000000003', '10000003-ab02-0000-0000-000000000002',
 'https://example.com/images/property3-2a.jpg', false),
('10000003-4fa4-0000-0000-000000000004', '10000003-ab02-0000-0000-000000000002',
 'https://example.com/images/property3-2b.jpg', true),
('10000003-5fa5-0000-0000-000000000005', '10000003-ab02-0000-0000-000000000002',
 'https://example.com/images/property3-2c.jpg', false),
-- 3-th property
('10000003-6fa6-0000-0000-000000000006', '10000003-ab03-0000-0000-000000000003',
 'https://example.com/images/property3-3.jpg', true);

-- 4-th broker
INSERT INTO image (id, property_id, image_url, is_main)
VALUES
-- 1-th property
('10000004-1fa1-0000-0000-000000000001', '10000004-ab01-0000-0000-000000000001',
 'https://example.com/images/property4-1a.jpg', false),
('10000004-2fa2-0000-0000-000000000002', '10000004-ab01-0000-0000-000000000001',
 'https://example.com/images/property4-1b.jpg', true),
('10000004-3fa3-0000-0000-000000000003', '10000004-ab01-0000-0000-000000000001',
 'https://example.com/images/property4-1c.jpg', false),
('10000004-4fa4-0000-0000-000000000004', '10000004-ab01-0000-0000-000000000001',
 'https://example.com/images/property4-1d.jpg', false),
-- 2-th property
('10000004-5fa5-0000-0000-000000000005', '10000004-ab02-0000-0000-000000000002',
 'https://example.com/images/property4-2a.jpg', true),
('10000004-6fa6-0000-0000-000000000006', '10000004-ab02-0000-0000-000000000002',
 'https://example.com/images/property4-2b.jpg', false);

-- 2-th office, necessary is_main
-- 1-th broker
INSERT INTO image (id, property_id, image_url, is_main)
VALUES
-- 1-th property
('20000001-1fa1-0000-0000-000000000001', '20000001-ab01-0000-0000-000000000001',
 'https://example.com/images/property5-1a.jpg', true),
('20000001-2fa2-0000-0000-000000000002', '20000001-ab01-0000-0000-000000000001',
 'https://example.com/images/property5-1b.jpg', false),
('20000001-3fa3-0000-0000-000000000003', '20000001-ab01-0000-0000-000000000001',
 'https://example.com/images/property5-1c.jpg', false),
-- 2-th property
('20000001-4fa4-0000-0000-000000000004', '20000001-ab02-0000-0000-000000000002',
 'https://example.com/images/property5-2a.jpg', true),
('20000001-5fa5-0000-0000-000000000005', '20000001-ab02-0000-0000-000000000002',
 'https://example.com/images/property5-2b.jpg', false),
-- 3-th property
('20000001-6fa6-0000-0000-000000000006', '20000001-ab03-0000-0000-000000000003',
 'https://example.com/images/property5-3a.jpg', false),
('20000001-7fa7-0000-0000-000000000007', '20000001-ab03-0000-0000-000000000003',
 'https://example.com/images/property5-3b.jpg', true),
('20000001-8fa8-0000-0000-000000000008', '20000001-ab03-0000-0000-000000000003',
 'https://example.com/images/property5-3c.jpg', false),
('20000001-9fa9-0000-0000-000000000009', '20000001-ab03-0000-0000-000000000003',
 'https://example.com/images/property5-3d.jpg', false);

-- 2-th broker
INSERT INTO image (id, property_id, image_url, is_main)
VALUES
-- 1-th property
('20000002-1fa1-0000-0000-000000000001', '20000002-ab01-0000-0000-000000000001',
 'https://example.com/images/property6-1a.jpg', false),
('20000002-2fa2-0000-0000-000000000002', '20000002-ab01-0000-0000-000000000001',
 'https://example.com/images/property6-1b.jpg', true),
('20000002-3fa3-0000-0000-000000000003', '20000002-ab01-0000-0000-000000000001',
 'https://example.com/images/property6-1c.jpg', false),
-- 2-th property
('20000002-4fa4-0000-0000-000000000004', '20000002-ab02-0000-0000-000000000002',
 'https://example.com/images/property6-2.jpg', true);

-- 3-th broker
INSERT INTO image (id, property_id, image_url, is_main)
VALUES
-- 1-th property
('20000003-1fa1-0000-0000-000000000001', '20000003-ab01-0000-0000-000000000001',
 'https://example.com/images/property7-1a.jpg', false),
('20000003-2fa2-0000-0000-000000000002', '20000003-ab01-0000-0000-000000000001',
 'https://example.com/images/property7-1b.jpg', true),
-- 2-th property
('20000003-3fa3-0000-0000-000000000003', '20000003-ab02-0000-0000-000000000002',
 'https://example.com/images/property7-2a.jpg', false),
('20000003-4fa4-0000-0000-000000000004', '20000003-ab02-0000-0000-000000000002',
 'https://example.com/images/property7-2b.jpg', false),
('20000003-5fa5-0000-0000-000000000005', '20000003-ab02-0000-0000-000000000002',
 'https://example.com/images/property7-2c.jpg', true),
('20000003-6fa6-0000-0000-000000000006', '20000003-ab02-0000-0000-000000000002',
 'https://example.com/images/property7-2d.jpg', false);

-- 3-th office, each pic is !is_main
-- 1-th broker
INSERT INTO image (id, property_id, image_url, is_main)
VALUES
-- 1-th property
('30000001-1fa1-0000-0000-000000000001', '30000001-ab01-0000-0000-000000000001',
 'https://example.com/images/property8-1a.jpg', false),
('30000001-2fa2-0000-0000-000000000002', '30000001-ab01-0000-0000-000000000001',
 'https://example.com/images/property8-1b.jpg', false),
('30000001-3fa3-0000-0000-000000000003', '30000001-ab01-0000-0000-000000000001',
 'https://example.com/images/property8-1c.jpg', false),
-- 2-th property
('30000001-4fa4-0000-0000-000000000004', '30000001-ab02-0000-0000-000000000002',
 'https://example.com/images/property8-2a.jpg', false),
('30000001-5fa5-0000-0000-000000000005', '30000001-ab02-0000-0000-000000000002',
 'https://example.com/images/property8-2b.jpg', false),
('30000001-6fa6-0000-0000-000000000006', '30000001-ab02-0000-0000-000000000002',
 'https://example.com/images/property8-2c.jpg', false),
('30000001-7fa7-0000-0000-000000000007', '30000001-ab02-0000-0000-000000000002',
 'https://example.com/images/property8-2d.jpg', false),
-- 3-th property
('30000001-8fa8-0000-0000-000000000008', '30000001-ab03-0000-0000-000000000003',
 'https://example.com/images/property8-3a.jpg', false),
('30000001-9fa9-0000-0000-000000000009', '30000001-ab03-0000-0000-000000000003',
 'https://example.com/images/property8-3b.jpg', false);

-- 2-th broker
INSERT INTO image (id, property_id, image_url, is_main)
VALUES
-- 1-th property
('30000002-1fa1-0000-0000-000000000001', '30000002-ab01-0000-0000-000000000001',
 'https://example.com/images/property9-1a.jpg', false),
('30000002-2fa2-0000-0000-000000000002', '30000002-ab01-0000-0000-000000000001',
 'https://example.com/images/property9-1b.jpg', false),
-- 2-th property
('30000002-3fa3-0000-0000-000000000003', '30000002-ab02-0000-0000-000000000002',
 'https://example.com/images/property9-2.jpg', false);

-- 3-th broker
INSERT INTO image (id, property_id, image_url, is_main)
VALUES
-- 1-th property
('30000003-1fa1-0000-0000-000000000001', '30000003-ab01-0000-0000-000000000001',
 'https://example.com/images/property10-1a.jpg', false),
('30000003-2fa2-0000-0000-000000000002', '30000003-ab01-0000-0000-000000000001',
 'https://example.com/images/property10-1b.jpg', false),
('30000003-3fa3-0000-0000-000000000003', '30000003-ab01-0000-0000-000000000001',
 'https://example.com/images/property10-1c.jpg', false),
('30000003-4fa4-0000-0000-000000000004', '30000003-ab01-0000-0000-000000000001',
 'https://example.com/images/property10-1d.jpg', false),
-- 2-th property
('30000003-5fa5-0000-0000-000000000005', '30000003-ab02-0000-0000-000000000002',
 'https://example.com/images/property10-2a.jpg', false),
('30000003-6fa6-0000-0000-000000000006', '30000003-ab02-0000-0000-000000000002',
 'https://example.com/images/property10-2b.jpg', false),
('30000003-7fa7-0000-0000-000000000007', '30000003-ab02-0000-0000-000000000002',
 'https://example.com/images/property10-2c.jpg', false);

-- 4-th office, half of their properties doesn't have any pics
-- 1-th broker
INSERT INTO image (id, property_id, image_url, is_main)
VALUES
-- 1-th property
('40000001-1fa1-0000-0000-000000000001', '40000001-ab01-0000-0000-000000000001',
 'https://example.com/images/property11-1a.jpg', false),
('40000001-2fa2-0000-0000-000000000002', '40000001-ab01-0000-0000-000000000001',
 'https://example.com/images/property11-1b.jpg', true),
('40000001-3fa3-0000-0000-000000000003', '40000001-ab01-0000-0000-000000000001',
 'https://example.com/images/property11-1c.jpg', false),
('40000001-4fa4-0000-0000-000000000004', '40000001-ab01-0000-0000-000000000001',
 'https://example.com/images/property11-1d.jpg', false);
-- 2-th property any pics
-- 3-th property
INSERT INTO image (id, property_id, image_url, is_main)
VALUES ('40000001-5fa5-0000-0000-000000000005', '40000001-ab03-0000-0000-000000000003',
        'https://example.com/images/property11-3a.jpg', true),
       ('40000001-6fa6-0000-0000-000000000006', '40000001-ab03-0000-0000-000000000003',
        'https://example.com/images/property11-3b.jpg', false);

-- 2-th broker
INSERT INTO image (id, property_id, image_url, is_main)
VALUES
-- 1-th property
('40000002-1fa1-0000-0000-000000000001', '40000002-ab01-0000-0000-000000000001',
 'https://example.com/images/property12-1a.jpg', false),
('40000002-2fa2-0000-0000-000000000002', '40000002-ab01-0000-0000-000000000001',
 'https://example.com/images/property12-1b.jpg', true),
('40000002-3fa3-0000-0000-000000000003', '40000002-ab01-0000-0000-000000000001',
 'https://example.com/images/property12-1c.jpg', false);
-- 2-th property any pics

-- 3-th broker
INSERT INTO image (id, property_id, image_url, is_main)
VALUES
-- 1-th property
('40000003-1fa1-0000-0000-000000000001', '40000003-ab01-0000-0000-000000000001',
 'https://example.com/images/property13-1.jpg', true);
-- 2-th property
-- 3-th property